{
  "openapi": "3.0.1",
  "info": {
    "title": "Foursquare",
    "description": "defaultDescription",
    "version": "0.2",
    "x-tags": "tags",
    "x-logo":"x-logo",
    "x-origin":"x-origin"
  },
  "servers": [
    {
      "url": "https://api.foursquare.com/v2/"
    }
  ],
  "paths": {
    "/users/self/venuelikes": {
      "get": {
        "description": "Read user's data",
        "parameters": [
          {
            "name": "oauth_token",
            "in": "query",
            "required": false,
            "style": "form",
            "explode": true,
            "schema": {
              "type": "string",
              "example": "NGW50DGLAX1S0P2P3YCIQAXL33SLTU2GJ4BFOLQWGVOJQLTB"
            }
          },
          {
            "name": "v",
            "in": "query",
            "required": false,
            "style": "form",
            "explode": true,
            "schema": {
              "type": "string"
            },
            "example": "20200101"
          }
        ],
        "responses": {
          "401": {
            "description": "Auto generated using Swagger Inspector",
            "content": {
              "application/json; charset=utf-8": {
                "schema": {
                  "type": "string"
                },
                "examples": {}
              }
            }
          }
        },
        "security": [
          {
            "oAuth2AuthCode": []
          }
        ]
      }
    },
    "/venues/search": {
      "get": {
        "description": "Auto generated using Swagger Inspector",
        "parameters": [
          {
            "name": "ll",
            "in": "query",
            "required": false,
            "style": "form",
            "explode": true,
            "schema": {
              "type": "string"
            },
            "example": "40.7,-74"
          },
          {
            "name": "v",
            "in": "query",
            "required": false,
            "style": "form",
            "explode": true,
            "schema": {
              "type": "string"
            },
            "example": "20200101"
          },
          {
            "name": "client_id",
            "in": "query",
            "required": false,
            "style": "form",
            "explode": true,
            "schema": {
              "type": "string"
            },
            "example": "ELSFGTITL3RXX33VGCHMJ5XXCHSAKKWN4IHX3W2PL3EC0DEI"
          },
          {
            "name": "client_secret",
            "in": "query",
            "required": false,
            "style": "form",
            "explode": true,
            "schema": {
              "type": "string"
            },
            "example": "FT4XHOCSLPJ3AJ2X2EJUJQWQEFUCONGX12XZET0LSQEO35WO"
          }
        ],
        "responses": {
          "200": {
            "description": "Auto generated using Swagger Inspector"
          },
          "400": {
            "description": "Auto generated using Swagger Inspector",
            "content": {
              "application/json; charset=utf-8": {
                "schema": {
                  "type": "string"
                },
                "examples": {}
              }
            }
          }
        },
        "security": [
          {
            "oAuth2AuthCode": []
          }
        ]
      }
    },
    "/lists/{LIST_ID}/additem": {
      "post": {
        "parameters": [
          {
            "name": "oauth_token",
            "in": "query",
            "required": false,
            "style": "form",
            "explode": true,
            "schema": {
              "type": "string",
              "example": "NGW50DGLAX1S0P2P3YCIQAXL33SLTU2GJ4BFOLQWGVOJQLTB"
            }
          },
          {
            "name": "v",
            "in": "query",
            "required": false,
            "style": "form",
            "explode": true,
            "schema": {
              "type": "string",
              "example": "20200101"
            }
          },
          {
            "name": "venueId",
            "in": "query",
            "required": false,
            "style": "form",
            "explode": true,
            "schema": {
              "type": "string"
            }
          },
          {
            "name": "LIST_ID",
            "in": "path",
            "required": true,
            "style": "simple",
            "explode": false,
            "schema": {
              "type": "string"
            }
          }
        ],
        "responses": {
          "200": {
            "description": "Auto generated using Swagger Inspector"
          }
        }
      }
    },
    "/users/{USER_ID}": {
      "get": {
        "parameters": [
          {
            "name": "oauth_token",
            "in": "query",
            "required": false,
            "style": "form",
            "explode": true,
            "schema": {
              "type": "string"
            }
          },
          {
            "name": "v",
            "in": "query",
            "required": false,
            "style": "form",
            "explode": true,
            "schema": {
              "type": "string"
            }
          },
          {
            "name": "USER_ID",
            "in": "path",
            "required": true,
            "style": "simple",
            "explode": false,
            "schema": {
              "type": "string"
            }
          }
        ],
        "responses": {
          "200": {
            "description": "Auto generated using Swagger Inspector"
          }
        }
      }
    },
    "/lists/add": {
      "post": {
        "parameters": [
          {
            "name": "name",
            "in": "query",
            "required": true,
            "style": "form",
            "explode": true,
            "schema": {
              "type": "string"
            }
          },
          {
            "name": "oauth_token",
            "in": "query",
            "required": true,
            "style": "form",
            "explode": true,
            "schema": {
              "type": "string"
            }
          },
          {
            "name": "v",
            "in": "query",
            "required": true,
            "style": "form",
            "explode": true,
            "schema": {
              "type": "string"
            }
          },
          {
            "name": "description",
            "in": "query",
            "required": false,
            "style": "form",
            "explode": true,
            "schema": {
              "type": "string"
            }
          }
        ],
        "responses": {
          "200": {
            "description": "Auto generated using Swagger Inspector"
          }
        }
      }
    }
  },
  "components": {
    "schemas": {},
    "securitySchemes": {
      "oAuth2Implicit": {
        "type": "oauth2",
        "description": "For more information, see https://developers.getbase.com/docs/rest/articles/oauth2/requests",
        "flows": {
          "implicit": {
            "authorizationUrl": "https://api.getbase.com/oauth2/authorize",
            "scopes": {}
          }
        }
      },
      "oAuth2AuthCode": {
        "type": "oauth2",
        "flows": {
          "authorizationCode": {
            "authorizationUrl": "https://foursquare.com/oauth2/authenticate",
            "tokenUrl": "https://foursquare.com/oauth2/access_token",
            "scopes": {}
          }
        }
      },
      "oAuth2Password": {
        "type": "oauth2",
        "description": "See https://developers.getbase.com/docs/rest/articles/oauth2/requests",
        "flows": {
          "password": {
            "tokenUrl": "https://api.getbase.com/oauth2/token",
            "scopes": {}
          }
        }
      },
      "oAuth2ClientCredentials": {
        "type": "oauth2",
        "description": "See http://developers.gettyimages.com/api/docs/v3/oauth2.html",
        "flows": {
          "clientCredentials": {
            "tokenUrl": "https://api.gettyimages.com/oauth2/token/",
            "scopes": {}
          }
        }
      }
    }
  }
}
