,team,cluster
0,14784-Quick start - Telematics SDK,16
1,14786-JIRA 7.6.1,7
2,451-Netatmo,3
3,3332-PDF Generator API,5
4,16837-Gitlab,8
5,134-Netatmo,3
6,3274-IP geolocation API,1
7,21965-The Jira Cloud platform REST API,7
8,16142-Traccar,11
9,655-DaniWeb Connect API,10
10,21967-BigQuery API,9
11,338-Foursquare,13
12,3603-Noosh API application,14
13,21-Foursquare,13
14,1049-Spotify Web API,15
15,5145-Slack Web API,9
16,2142-Avaza API Documentation,11
17,14558-Orthanc API,14
18,14560-Bitbucket API,4
19,14562-Prime ReportStream,12
20,3238-Interzoid Get Currency Rate API,2
21,361-NPR Authorization Service,11
22,44-NPR Authorization Service,11
23,8239-Trello,6
24,11823-Bitbucket API,4
25,11825-StackExchange,9
26,3250-Foursquare,13
27,3325-JWT Example,13
