{"openapi": "3.0.1", "info": {"title": "Ably REST API", "description": "The [REST API specification](https://www.ably.io/documentation/rest-api) for Ably.", "contact": {"name": "Ably Support", "url": "https://www.ably.io/contact", "email": "support@ably.io", "x-twitter": "ablyrealtime"}, "version": "1.1.0", "x-apisguru-categories": ["cloud"], "x-logo": {"url": "https://api.apis.guru/v2/cache/logo/https_twitter.com_ablyrealtime_profile_image.png"}, "x-origin": [{"converter": {"url": "https://github.com/mermade/oas-kit", "version": "7.0.4"}, "format": "openapi", "url": "https://raw.githubusercontent.com/ably/open-specs/main/swagger.yaml", "version": "3.0"}], "x-preferred": true, "x-providerName": "ably.io"}, "servers": [{"url": "https://rest.ably.io"}], "security": [{"basicAuth": []}, {"bearerAuth": []}], "paths": {"/channels": {"get": {"tags": ["Status"], "summary": "Enumerate all active channels of the application", "description": "Enumerate all active channels of the application", "operationId": "getMetadataOfAllChannels", "parameters": [{"name": "limit", "in": "query", "required": false, "style": "form", "explode": true, "schema": {"type": "integer", "default": 100}}, {"name": "prefix", "in": "query", "description": "Optionally limits the query to only those channels whose name starts with the given prefix", "required": false, "style": "form", "explode": true, "schema": {"type": "string"}}, {"name": "by", "in": "query", "description": "optionally specifies whether to return just channel names (by=id) or ChannelDetails (by=value)", "required": false, "style": "form", "explode": true, "schema": {"type": "string", "enum": ["value", "id"]}}], "responses": {"2XX": {"description": "OK", "headers": {"link": {"$ref": "#/components/headers/Link"}}, "content": {"application/json": {"schema": {"oneOf": [{"type": "array", "items": {"$ref": "#/components/schemas/ChannelDetails"}}, {"type": "array", "items": {"type": "string"}}]}}, "application/x-msgpack": {"schema": {"oneOf": [{"type": "array", "items": {"$ref": "#/components/schemas/ChannelDetails"}}, {"type": "array", "items": {"type": "string"}}]}}, "text/html": {"schema": {"type": "string"}}}}, "default": {"$ref": "#/components/responses/Error"}}}, "parameters": [{"$ref": "#/components/parameters/versionHeader"}, {"$ref": "#/components/parameters/responseFormat"}]}, "/channels/{channel_id}": {"get": {"tags": ["Status"], "summary": "Get metadata of a channel", "description": "Get metadata of a channel", "operationId": "getMetadataOfChannel", "parameters": [{"$ref": "#/components/parameters/channelId"}], "responses": {"200": {"description": "OK", "headers": {"x-ably-serverid": {"$ref": "#/components/headers/ServerId"}}, "content": {"application/json": {"schema": {"$ref": "#/components/schemas/ChannelDetails"}}}}, "default": {"$ref": "#/components/responses/Error"}}}, "parameters": [{"$ref": "#/components/parameters/versionHeader"}, {"$ref": "#/components/parameters/responseFormat"}]}, "/channels/{channel_id}/messages": {"get": {"tags": ["History"], "summary": "Get message history for a channel", "description": "Get message history for a channel", "operationId": "getMessagesByChannel", "parameters": [{"$ref": "#/components/parameters/channelId"}, {"$ref": "#/components/parameters/filterStart"}, {"$ref": "#/components/parameters/filterLimit"}, {"$ref": "#/components/parameters/filterEnd"}, {"$ref": "#/components/parameters/filterDirection"}], "responses": {"2XX": {"description": "OK", "headers": {"link": {"$ref": "#/components/headers/Link"}, "x-ably-serverid": {"$ref": "#/components/headers/ServerId"}}, "content": {"application/json": {"schema": {"type": "array", "items": {"$ref": "#/components/schemas/Message"}}}, "application/x-msgpack": {"schema": {"type": "array", "items": {"$ref": "#/components/schemas/Message"}}}, "text/html": {"schema": {"type": "string"}}}}, "default": {"description": "Error", "headers": {"x-ably-errorcode": {"$ref": "#/components/headers/ErrorCode"}, "x-ably-errormessage": {"$ref": "#/components/headers/ErrorMessage"}, "x-ably-serverid": {"$ref": "#/components/headers/ServerId"}}}}}, "post": {"tags": ["Publishing"], "summary": "Publish a message to a channel", "description": "Publish a message to the specified channel", "operationId": "publishMessagesToChannel", "parameters": [{"$ref": "#/components/parameters/channelId"}], "requestBody": {"content": {"application/json": {"schema": {"$ref": "#/components/schemas/Message"}}, "application/x-msgpack": {"schema": {"$ref": "#/components/schemas/Message"}}, "application/x-www-form-urlencoded": {"schema": {"$ref": "#/components/schemas/Message"}}}}, "responses": {"2XX": {"description": "OK", "headers": {"x-ably-serverid": {"$ref": "#/components/headers/ServerId"}}, "content": {"application/json": {"schema": {"type": "object", "properties": {"channel": {"type": "string"}, "messageId": {"type": "string"}}}}, "application/x-msgpack": {"schema": {"type": "object", "properties": {"channel": {"type": "string"}, "messageId": {"type": "string"}}}}, "text/html": {"schema": {"type": "object", "properties": {"channel": {"type": "string"}, "messageId": {"type": "string"}}}}}}, "default": {"$ref": "#/components/responses/Error"}}}, "parameters": [{"$ref": "#/components/parameters/versionHeader"}, {"$ref": "#/components/parameters/responseFormat"}]}, "/channels/{channel_id}/presence": {"get": {"tags": ["Status"], "summary": "Get presence of a channel", "description": "Get presence on a channel", "operationId": "getPresenceOfChannel", "parameters": [{"$ref": "#/components/parameters/channelId"}, {"name": "clientId", "in": "query", "required": false, "style": "form", "explode": true, "schema": {"type": "string"}}, {"name": "connectionId", "in": "query", "required": false, "style": "form", "explode": true, "schema": {"type": "string"}}, {"name": "limit", "in": "query", "required": false, "style": "form", "explode": true, "schema": {"type": "integer", "default": 100}}], "responses": {"200": {"description": "OK", "headers": {"link": {"$ref": "#/components/headers/Link"}, "x-ably-serverid": {"$ref": "#/components/headers/ServerId"}}, "content": {"application/json": {"schema": {"type": "array", "items": {"$ref": "#/components/schemas/PresenceMessage"}}}, "application/x-msgpack": {"schema": {"type": "array", "items": {"$ref": "#/components/schemas/PresenceMessage"}}}, "text/html": {"schema": {"type": "string"}}}}, "default": {"$ref": "#/components/responses/Error"}}}, "parameters": [{"$ref": "#/components/parameters/versionHeader"}, {"$ref": "#/components/parameters/responseFormat"}]}, "/channels/{channel_id}/presence/history": {"get": {"tags": ["History"], "summary": "Get presence history of a channel", "description": "Get presence on a channel", "operationId": "getPresenceHistoryOfChannel", "parameters": [{"$ref": "#/components/parameters/channelId"}, {"$ref": "#/components/parameters/filterStart"}, {"$ref": "#/components/parameters/filterLimit"}, {"$ref": "#/components/parameters/filterEnd"}, {"$ref": "#/components/parameters/filterDirection"}], "responses": {"2XX": {"description": "OK", "headers": {"link": {"$ref": "#/components/headers/Link"}}, "content": {"application/json": {"schema": {"type": "array", "items": {"$ref": "#/components/schemas/PresenceMessage"}}}, "application/x-msgpack": {"schema": {"type": "array", "items": {"$ref": "#/components/schemas/PresenceMessage"}}}, "text/html": {"schema": {"type": "string"}}}}, "default": {"$ref": "#/components/responses/Error"}}}, "parameters": [{"$ref": "#/components/parameters/versionHeader"}, {"$ref": "#/components/parameters/responseFormat"}]}, "/keys/{keyName}/requestToken": {"post": {"tags": ["Authentication"], "summary": "Request an access token", "description": "This is the means by which clients obtain access tokens to use the service. You can see how to construct an Ably TokenRequest in the [Ably TokenRequest spec](https://www.ably.io/documentation/rest-api/token-request-spec) documentation, although we recommend you use an Ably SDK rather to create a TokenRequest, as the construction of a TokenRequest is complex. The resulting token response object contains the token properties as defined in Ably TokenRequest spec. Authentication is not required if using a Signed TokenRequest.", "operationId": "requestAccessToken", "parameters": [{"$ref": "#/components/parameters/key_name"}], "requestBody": {"content": {"application/json": {"schema": {"oneOf": [{"$ref": "#/components/schemas/TokenRequest"}, {"$ref": "#/components/schemas/SignedTokenRequest"}]}, "example": {"capability": {"channel1": ["publish", "subscribe"], "wildcard:channels:*": ["publish"]}, "keyName": "YourKey.Name", "timestamp": "1559124196551"}}}}, "responses": {"2XX": {"description": "OK", "content": {"application/json": {"schema": {"$ref": "#/components/schemas/TokenDetails"}}, "application/x-msgpack": {"schema": {"$ref": "#/components/schemas/TokenDetails"}}}}, "default": {"$ref": "#/components/responses/Error"}}}, "parameters": [{"$ref": "#/components/parameters/versionHeader"}, {"$ref": "#/components/parameters/responseFormat"}]}, "/push/channelSubscriptions": {"get": {"tags": ["Push"], "summary": "List channel subscriptions", "description": "Get a list of push notification subscriptions to channels.", "operationId": "getPushSubscriptionsOnChannels", "parameters": [{"name": "channel", "in": "query", "description": "Filter to restrict to subscriptions associated with that channel.", "required": false, "style": "form", "explode": true, "schema": {"type": "string"}}, {"name": "deviceId", "in": "query", "description": "Optional filter to restrict to devices associated with that deviceId. Cannot be used with clientId.", "required": false, "style": "form", "explode": true, "schema": {"type": "string"}}, {"name": "clientId", "in": "query", "description": "Optional filter to restrict to devices associated with that clientId. Cannot be used with deviceId.", "required": false, "style": "form", "explode": true, "schema": {"type": "string"}}, {"name": "limit", "in": "query", "description": "The maximum number of records to return.", "required": false, "style": "form", "explode": true, "schema": {"maximum": 1000, "type": "integer", "default": 100}}], "responses": {"2XX": {"description": "OK", "content": {"application/json": {"schema": {"$ref": "#/components/schemas/DeviceDetails"}}}}, "default": {"$ref": "#/components/responses/Error"}}}, "post": {"tags": ["Push"], "summary": "Subscribe a device to a channel", "description": "Subscribe either a single device or all devices associated with a client ID to receive push notifications from messages sent to a channel.", "operationId": "subscribePushDeviceToChannel", "requestBody": {"content": {"application/json": {"schema": {"oneOf": [{"type": "object", "properties": {"channel": {"type": "string", "description": "Channel name."}, "deviceId": {"type": "string", "description": "Must be set when clientId is empty, cannot be used with clientId."}}}, {"type": "object", "properties": {"channel": {"type": "string", "description": "Channel name."}, "clientId": {"type": "string", "description": "Must be set when deviceId is empty, cannot be used with deviceId."}}}]}, "example": {"channel": "my:channel", "clientId": "myClientId"}}, "application/x-msgpack": {"schema": {"oneOf": [{"type": "object", "properties": {"channel": {"type": "string", "description": "Channel name."}, "deviceId": {"type": "string", "description": "Must be set when clientId is empty, cannot be used with clientId."}}}, {"type": "object", "properties": {"channel": {"type": "string", "description": "Channel name."}, "clientId": {"type": "string", "description": "Must be set when deviceId is empty, cannot be used with deviceId."}}}]}, "example": {"channel": "my:channel", "clientId": "myClientId"}}, "application/x-www-form-urlencoded": {"schema": {"oneOf": [{"type": "object", "properties": {"channel": {"type": "string", "description": "Channel name."}, "deviceId": {"type": "string", "description": "Must be set when clientId is empty, cannot be used with clientId."}}}, {"type": "object", "properties": {"channel": {"type": "string", "description": "Channel name."}, "clientId": {"type": "string", "description": "Must be set when deviceId is empty, cannot be used with deviceId."}}}]}, "example": {"channel": "my:channel", "clientId": "myClientId"}}}}, "responses": {"2XX": {"description": "OK"}, "default": {"$ref": "#/components/responses/Error"}}}, "delete": {"tags": ["Push"], "summary": "Delete a registered device's update token", "description": "Delete a device details object.", "operationId": "deletePushDeviceDetails", "parameters": [{"name": "channel", "in": "query", "description": "Filter to restrict to subscriptions associated with that channel.", "required": false, "style": "form", "explode": true, "schema": {"type": "string"}}, {"name": "deviceId", "in": "query", "description": "Must be set when clientId is empty, cannot be used with clientId.", "required": false, "style": "form", "explode": true, "schema": {"type": "string"}}, {"name": "clientId", "in": "query", "description": "Must be set when deviceId is empty, cannot be used with deviceId.", "required": false, "style": "form", "explode": true, "schema": {"type": "string"}}], "responses": {"2XX": {"description": "OK"}, "default": {"$ref": "#/components/responses/Error"}}}, "parameters": [{"$ref": "#/components/parameters/versionHeader"}, {"$ref": "#/components/parameters/responseFormat"}]}, "/push/channels": {"get": {"tags": ["Push"], "summary": "List all channels with at least one subscribed device", "description": "Returns a paginated response of channel names.", "operationId": "getChannelsWithPushSubscribers", "responses": {"2XX": {"description": "OK", "content": {"application/json": {"schema": {"type": "array", "items": {"type": "string"}}}, "application/x-msgpack": {"schema": {"type": "array", "items": {"type": "string"}}}, "text/html": {"schema": {"type": "array", "items": {"type": "string"}}}}}, "default": {"$ref": "#/components/responses/Error"}}}, "parameters": [{"$ref": "#/components/parameters/versionHeader"}, {"$ref": "#/components/parameters/responseFormat"}]}, "/push/deviceRegistrations": {"get": {"tags": ["Push"], "summary": "List devices registered for receiving push notifications", "description": "List of device details of devices registed for push notifications.", "operationId": "getRegisteredPushDevices", "parameters": [{"name": "deviceId", "in": "query", "description": "Optional filter to restrict to devices associated with that deviceId.", "required": false, "style": "form", "explode": true, "schema": {"type": "string"}}, {"name": "clientId", "in": "query", "description": "Optional filter to restrict to devices associated with that clientId.", "required": false, "style": "form", "explode": true, "schema": {"type": "string"}}, {"name": "limit", "in": "query", "description": "The maximum number of records to return.", "required": false, "style": "form", "explode": true, "schema": {"maximum": 1000, "type": "integer", "default": 100}}], "responses": {"2XX": {"description": "OK", "content": {"application/json": {"schema": {"$ref": "#/components/schemas/DeviceDetails"}}, "application/x-msgpack": {"schema": {"$ref": "#/components/schemas/DeviceDetails"}}, "text/html": {"schema": {"$ref": "#/components/schemas/DeviceDetails"}}}}, "default": {"$ref": "#/components/responses/Error"}}}, "post": {"tags": ["Push"], "summary": "Register a device for receiving push notifications", "description": "Register a device\u2019s details, including the information necessary to deliver push notifications to it. Requires \"push-admin\" capability.", "operationId": "registerPushDevice", "requestBody": {"content": {"application/json": {"schema": {"$ref": "#/components/schemas/DeviceDetails"}}, "application/x-msgpack": {"schema": {"$ref": "#/components/schemas/DeviceDetails"}}}}, "responses": {"2XX": {"description": "OK", "content": {"application/json": {"schema": {"$ref": "#/components/schemas/DeviceDetails"}}, "application/x-msgpack": {"schema": {"$ref": "#/components/schemas/DeviceDetails"}}, "text/html": {"schema": {"$ref": "#/components/schemas/DeviceDetails"}}}}, "default": {"$ref": "#/components/responses/Error"}}}, "delete": {"tags": ["Push"], "summary": "Unregister matching devices for push notifications", "description": "Unregisters devices. All their subscriptions for receiving push notifications through channels will also be deleted.", "operationId": "unregisterAllPushDevices", "parameters": [{"name": "deviceId", "in": "query", "description": "Optional filter to restrict to devices associated with that deviceId. Cannot be used with clientId.", "required": false, "style": "form", "explode": true, "schema": {"type": "string"}}, {"name": "clientId", "in": "query", "description": "Optional filter to restrict to devices associated with that clientId. Cannot be used with deviceId.", "required": false, "style": "form", "explode": true, "schema": {"type": "string"}}], "responses": {"2XX": {"description": "OK"}, "default": {"$ref": "#/components/responses/Error"}}}, "parameters": [{"$ref": "#/components/parameters/versionHeader"}, {"$ref": "#/components/parameters/responseFormat"}]}, "/push/deviceRegistrations/{device_id}": {"get": {"tags": ["Push"], "summary": "Get a device registration", "description": "Get the full details of a device.", "operationId": "getPushDeviceDetails", "parameters": [{"$ref": "#/components/parameters/deviceId"}], "responses": {"2XX": {"description": "OK", "content": {"application/json": {"schema": {"$ref": "#/components/schemas/DeviceDetails"}}, "application/x-msgpack": {"schema": {"$ref": "#/components/schemas/DeviceDetails"}}, "text/html": {"schema": {"$ref": "#/components/schemas/DeviceDetails"}}}}, "default": {"$ref": "#/components/responses/Error"}}}, "put": {"tags": ["Push"], "summary": "Update a device registration", "description": "Device registrations can be upserted (the existing registration is replaced entirely) with a PUT operation. Only clientId, metadata and push.recipient are mutable.", "operationId": "putPushDeviceDetails", "parameters": [{"$ref": "#/components/parameters/deviceId"}], "requestBody": {"content": {"application/json": {"schema": {"$ref": "#/components/schemas/DeviceDetails"}}, "application/x-msgpack": {"schema": {"$ref": "#/components/schemas/DeviceDetails"}}, "application/x-www-form-urlencoded": {"schema": {"$ref": "#/components/schemas/DeviceDetails"}}}}, "responses": {"2XX": {"description": "OK", "content": {"application/json": {"schema": {"$ref": "#/components/schemas/DeviceDetails"}}, "application/x-msgpack": {"schema": {"$ref": "#/components/schemas/DeviceDetails"}}, "text/html": {"schema": {"$ref": "#/components/schemas/DeviceDetails"}}}}, "default": {"$ref": "#/components/responses/Error"}}}, "delete": {"tags": ["Push"], "summary": "Unregister a single device for push notifications", "description": "Unregisters a single device by its device ID. All its subscriptions for receiving push notifications through channels will also be deleted.", "operationId": "unregisterPushDevice", "parameters": [{"$ref": "#/components/parameters/deviceId"}], "responses": {"2XX": {"description": "OK"}, "default": {"$ref": "#/components/responses/Error"}}}, "patch": {"tags": ["Push"], "summary": "Update a device registration", "description": "Specific attributes of an existing registration can be updated. Only clientId, metadata and push.recipient are mutable.", "operationId": "patchPushDeviceDetails", "parameters": [{"$ref": "#/components/parameters/deviceId"}], "requestBody": {"content": {"application/json": {"schema": {"$ref": "#/components/schemas/DeviceDetails"}}, "application/x-msgpack": {"schema": {"$ref": "#/components/schemas/DeviceDetails"}}, "application/x-www-form-urlencoded": {"schema": {"$ref": "#/components/schemas/DeviceDetails"}}}}, "responses": {"2XX": {"description": "OK", "content": {"application/json": {"schema": {"$ref": "#/components/schemas/DeviceDetails"}}, "application/x-msgpack": {"schema": {"$ref": "#/components/schemas/DeviceDetails"}}, "text/html": {"schema": {"$ref": "#/components/schemas/DeviceDetails"}}}}, "default": {"$ref": "#/components/responses/Error"}}}, "parameters": [{"$ref": "#/components/parameters/versionHeader"}, {"$ref": "#/components/parameters/responseFormat"}]}, "/push/deviceRegistrations/{device_id}/resetUpdateToken": {"get": {"tags": ["Push"], "summary": "Reset a registered device's update token", "description": "Gets an updated device details object.", "operationId": "updatePushDeviceDetails", "parameters": [{"$ref": "#/components/parameters/deviceId"}], "responses": {"2XX": {"description": "OK", "content": {"application/json": {"schema": {"$ref": "#/components/schemas/DeviceDetails"}}, "application/x-msgpack": {"schema": {"$ref": "#/components/schemas/DeviceDetails"}}, "text/html": {"schema": {"$ref": "#/components/schemas/DeviceDetails"}}}}, "default": {"$ref": "#/components/responses/Error"}}}, "parameters": [{"$ref": "#/components/parameters/versionHeader"}, {"$ref": "#/components/parameters/responseFormat"}]}, "/push/publish": {"post": {"tags": ["Push"], "summary": "Publish a push notification to device(s)", "description": "A convenience endpoint to deliver a push notification payload to a single device or set of devices identified by their client identifier.", "operationId": "publishPushNotificationToDevices", "requestBody": {"content": {"application/json": {"schema": {"required": ["recipient"], "type": "object", "properties": {"push": {"$ref": "#/components/schemas/Push"}, "recipient": {"$ref": "#/components/schemas/Recipient"}}}}, "application/x-msgpack": {"schema": {"required": ["recipient"], "type": "object", "properties": {"push": {"$ref": "#/components/schemas/Push"}, "recipient": {"$ref": "#/components/schemas/Recipient"}}}}, "application/x-www-form-urlencoded": {"schema": {"required": ["recipient"], "type": "object", "properties": {"push": {"$ref": "#/components/schemas/Push"}, "recipient": {"$ref": "#/components/schemas/Recipient"}}}}}}, "responses": {"2XX": {"description": "OK"}, "default": {"$ref": "#/components/responses/Error"}}}, "parameters": [{"$ref": "#/components/parameters/versionHeader"}, {"$ref": "#/components/parameters/responseFormat"}]}, "/stats": {"get": {"tags": ["Stats"], "summary": "Retrieve usage statistics for an application", "description": "The Ably system can be queried to obtain usage statistics for a given application, and results are provided aggregated across all channels in use in the application in the specified period. Stats may be used to track usage against account quotas.", "operationId": "getStats", "parameters": [{"$ref": "#/components/parameters/filterStart"}, {"$ref": "#/components/parameters/filterLimit"}, {"$ref": "#/components/parameters/filterEnd"}, {"$ref": "#/components/parameters/filterDirection"}, {"name": "unit", "in": "query", "description": "Specifies the unit of aggregation in the returned results.", "required": false, "style": "form", "explode": true, "schema": {"type": "string", "default": "minute", "enum": ["minute", "hour", "day", "month"]}}], "responses": {"2XX": {"description": "OK", "content": {"application/json": {"schema": {"type": "object"}}}}, "default": {"$ref": "#/components/responses/Error"}}}, "parameters": [{"$ref": "#/components/parameters/versionHeader"}, {"$ref": "#/components/parameters/responseFormat"}]}, "/time": {"get": {"tags": ["Stats"], "summary": "Get the service time", "description": "This returns the service time in milliseconds since the epoch.", "operationId": "getTime", "responses": {"2XX": {"description": "OK", "content": {"application/json": {"schema": {"type": "array", "items": {"type": "integer"}}}, "application/x-msgpack": {"schema": {"type": "array", "items": {"type": "integer"}}}, "text/html": {"schema": {"type": "string"}}}}, "default": {"$ref": "#/components/responses/Error"}}, "security": []}, "parameters": [{"$ref": "#/components/parameters/versionHeader"}, {"$ref": "#/components/parameters/responseFormat"}]}}, "components": {"schemas": {"ChannelDetails": {"required": ["channelId"], "type": "object", "properties": {"channelId": {"type": "string", "description": "The required name of the channel including any qualifier, if any."}, "isGlobalMaster": {"type": "boolean", "description": "In events relating to the activity of a channel in a specific region, this optionally identifies whether or not that region is responsible for global coordination of the channel."}, "region": {"type": "string", "description": "In events relating to the activity of a channel in a specific region, this optionally identifies the region."}, "status": {"$ref": "#/components/schemas/ChannelStatus"}}}, "ChannelStatus": {"required": ["isActive"], "type": "object", "properties": {"isActive": {"type": "boolean", "description": "A required boolean value indicating whether the channel that is the subject of the event is active. For events indicating regional activity of a channel this indicates activity in that region, not global activity."}, "occupancy": {"$ref": "#/components/schemas/Occupancy"}}, "description": "A ChannelStatus instance."}, "DeviceDetails": {"type": "object", "properties": {"clientId": {"type": "string", "description": "Optional trusted client identifier for the device."}, "deviceSecret": {"type": "string", "description": "Secret value for the device."}, "formFactor": {"type": "string", "description": "Form factor of the push device.", "enum": ["phone", "tablet", "desktop", "tv", "watch", "car", "embedded"]}, "id": {"type": "string", "description": "Unique identifier for the device generated by the device itself."}, "metadata": {"type": "object", "description": "Optional metadata object for this device. The metadata for a device may only be set by clients with push-admin privileges and will be used more extensively in the future with smart notifications."}, "platform": {"type": "string", "description": "Platform of the push device.", "enum": ["ios", "android"]}, "push.recipient": {"$ref": "#/components/schemas/Recipient"}, "push.state": {"type": "string", "description": "the current state of the push device.", "readOnly": true, "enum": ["Active", "Failing", "Failed"]}}}, "Error": {"type": "object", "properties": {"code": {"type": "integer", "description": "Error code."}, "href": {"type": "string", "description": "Link to help with error."}, "message": {"type": "string", "description": "Message explaining the error's cause."}, "serverId": {"type": "string", "description": "Server ID with which error was encountered."}, "statusCode": {"type": "integer", "description": "Status error code."}}, "description": "Returned error from failed REST."}, "Extras": {"type": "object", "properties": {"push": {"$ref": "#/components/schemas/Push"}}, "description": "Extras object. Currently only allows for [push](https://www.ably.io/documentation/general/push/publish#channel-broadcast-example) extra."}, "Message": {"type": "object", "properties": {"clientId": {"type": "string", "description": "The [client ID](https://www.ably.io/documentation/core-features/authentication#identified-clients) of the publisher of this message."}, "connectionId": {"type": "string", "description": "The connection ID of the publisher of this message."}, "data": {"type": "string", "description": "The string encoded payload, with the encoding specified below."}, "encoding": {"type": "string", "description": "This will typically be empty as all messages received from Ably are automatically decoded client-side using this value. However, if the message encoding cannot be processed, this attribute will contain the remaining transformations not applied to the data payload."}, "extras": {"$ref": "#/components/schemas/Extras"}, "id": {"type": "string", "description": "A Unique ID that can be specified by the publisher for [idempotent publishing](https://www.ably.io/documentation/rest/messages#idempotent).", "readOnly": true}, "name": {"type": "string", "description": "The event name, if provided."}, "timestamp": {"type": "integer", "description": "Timestamp when the message was received by the Ably, as milliseconds since the epoch.", "format": "int64", "readOnly": true}}, "description": "Message object."}, "Notification": {"type": "object", "properties": {"body": {"type": "string", "description": "Text below title on the expanded notification."}, "collapseKey": {"type": "string", "description": "Platform-specific, used to group notifications together."}, "icon": {"type": "string", "description": "Platform-specific icon for the notification."}, "sound": {"type": "string", "description": "Platform-specific sound for the notification."}, "title": {"type": "string", "description": "Title to display at the notification."}}}, "Occupancy": {"type": "object", "properties": {"presenceConnections": {"type": "integer", "description": "The number of connections that are authorised to enter members into the presence channel."}, "presenceMembers": {"type": "integer", "description": "The number of members currently entered into the presence channel."}, "presenceSubscribers": {"type": "integer", "description": "The number of connections that are authorised to subscribe to presence messages."}, "publishers": {"type": "integer", "description": "The number of connections attached to the channel that are authorised to publish."}, "subscribers": {"type": "integer", "description": "The number of connections attached that are authorised to subscribe to messages."}}, "description": "An Occupancy instance indicating the occupancy of a channel. For events indicating regional activity of a channel this indicates activity in that region, not global activity."}, "PresenceMessage": {"type": "object", "properties": {"action": {"type": "string", "description": "The event signified by a PresenceMessage.", "readOnly": true, "enum": ["ABSENT", "PRESENT", "ENTER", "LEAVE", "UPDATE"]}, "clientId": {"type": "string", "description": "The client ID of the publisher of this presence update."}, "connectionId": {"type": "string", "description": "The connection ID of the publisher of this presence update."}, "data": {"type": "string", "description": "The presence update payload, if provided."}, "encoding": {"type": "string", "description": "This will typically be empty as all presence updates received from Ably are automatically decoded client-side using this value. However, if the message encoding cannot be processed, this attribute will contain the remaining transformations not applied to the data payload."}, "extras": {"$ref": "#/components/schemas/Extras"}, "id": {"type": "string", "description": "Unique ID assigned by Ably to this presence update.", "readOnly": true}, "timestamp": {"type": "integer", "description": "Timestamp when the presence update was received by Ably, as milliseconds since the epoch.", "format": "int64", "readOnly": true}}}, "Push": {"type": "object", "properties": {"apns": {"type": "object", "properties": {"notification": {"$ref": "#/components/schemas/Notification"}}, "description": "Extends and overrides generic values when delivering via APNs. [See examples](https://www.ably.io/documentation/general/push/publish#payload-structure)"}, "data": {"type": "string", "description": "Arbitrary [key-value string-to-string payload](https://www.ably.io/documentation/general/push/publish#channel-broadcast-example)."}, "fcm": {"type": "object", "properties": {"notification": {"$ref": "#/components/schemas/Notification"}}, "description": "Extends and overrides generic values when delivering via GCM/FCM. [See examples](https://www.ably.io/documentation/general/push/publish#payload-structure)"}, "notification": {"$ref": "#/components/schemas/Notification"}, "web": {"type": "object", "properties": {"notification": {"$ref": "#/components/schemas/Notification"}}, "description": "Extends and overrides generic values when delivering via web. [See examples](https://www.ably.io/documentation/general/push/publish#payload-structure)"}}}, "Recipient": {"type": "object", "properties": {"clientId": {"type": "string", "description": "Client ID of recipient", "writeOnly": true}, "deviceId": {"type": "string", "description": "Client ID of recipient", "writeOnly": true}, "deviceToken": {"type": "string", "description": "when using APNs, specifies the required device token."}, "registrationToken": {"type": "string", "description": "when using GCM or FCM, specifies the required registration token."}, "transportType": {"type": "string", "description": "Defines which push platform is being used.", "enum": ["apns", "fcm", "gcm"]}}, "description": "Push recipient details for a device."}, "SignedTokenRequest": {"allOf": [{"$ref": "#/components/schemas/TokenRequest"}, {"required": ["mac"], "type": "object", "properties": {"mac": {"type": "string", "description": "A signature, generated as an HMAC of each of the above components, using the key secret value."}}}]}, "TokenDetails": {"type": "object", "properties": {"capability": {"type": "string", "description": "Regular expression representation of the capabilities of the token."}, "expires": {"type": "integer", "description": "Timestamp of token expiration."}, "issued": {"type": "integer", "description": "Timestamp of token creation."}, "keyName": {"type": "string", "description": "Name of the key used to create the token"}, "token": {"type": "string", "description": "The Ably Token."}}}, "TokenRequest": {"required": ["capability", "keyName", "nonce", "timestamp"], "type": "object", "properties": {"capability": {"type": "object", "description": "The [capabilities](https://www.ably.io/documentation/core-features/authentication#capabilities-explained) (i.e. a set of channel names/namespaces and, for each, a set of operations) which should be a subset of the set of capabilities associated with the key specified in keyName.", "example": {"channel1": ["publish", "subscribe"]}}, "clientId": {"type": "string", "description": "The [client ID](https://www.ably.io/documentation/core-features/authentication#identified-clients) to be assosciated with the token. Can be set to * to allow for any client ID to be used."}, "keyName": {"type": "string", "description": "Name of the key used for the TokenRequest. The keyName comprises of the app ID and key ID on an API Key.", "example": "xVLyHw.LMJZxw"}, "nonce": {"type": "string", "description": "An unquoted, un-escaped random string of at least 16 characters. Used to ensure the Ably TokenRequest cannot be reused."}, "timestamp": {"type": "integer", "description": "Time of creation of the Ably TokenRequest."}}}}, "responses": {"Error": {"description": "Error", "headers": {"x-ably-errorcode": {"$ref": "#/components/headers/ErrorCode"}, "x-ably-errormessage": {"$ref": "#/components/headers/ErrorMessage"}, "x-ably-serverid": {"$ref": "#/components/headers/ServerId"}}, "content": {"application/json": {"schema": {"$ref": "#/components/schemas/Error"}}, "application/x-msgpack": {"schema": {"$ref": "#/components/schemas/Error"}}, "text/html": {"schema": {"$ref": "#/components/schemas/Error"}}}}}, "parameters": {"channelId": {"name": "channel_id", "in": "path", "description": "The [Channel's ID](https://www.ably.io/documentation/rest/channels).", "required": true, "style": "simple", "explode": false, "schema": {"type": "string"}}, "deviceId": {"name": "device_id", "in": "path", "description": "Device's ID.", "required": true, "style": "simple", "explode": false, "schema": {"type": "string"}}, "filterDirection": {"name": "direction", "in": "query", "required": false, "style": "form", "explode": true, "schema": {"type": "string", "default": "backwards", "enum": ["forwards", "backwards"]}}, "filterEnd": {"name": "end", "in": "query", "required": false, "style": "form", "explode": true, "schema": {"type": "string", "default": "now"}}, "filterLimit": {"name": "limit", "in": "query", "required": false, "style": "form", "explode": true, "schema": {"type": "integer"}}, "filterStart": {"name": "start", "in": "query", "required": false, "style": "form", "explode": true, "schema": {"type": "string"}}, "key_name": {"name": "keyName", "in": "path", "description": "The [key name](https://www.ably.io/documentation/rest-api/token-request-spec#api-key-format) comprises of the app ID and key ID of an API key.", "required": true, "style": "simple", "explode": false, "schema": {"type": "string"}}, "responseFormat": {"name": "format", "in": "query", "description": "The response format you would like", "required": false, "style": "form", "explode": true, "schema": {"type": "string", "enum": ["json", "jsonp", "msgpack", "html"]}}, "versionHeader": {"name": "X-Ably-Version", "in": "header", "description": "The version of the API you wish to use.", "required": false, "style": "simple", "explode": false, "schema": {"type": "string"}}}, "headers": {"ErrorCode": {"description": "The error code.", "style": "simple", "explode": false, "schema": {"type": "integer"}}, "ErrorMessage": {"description": "The error message.", "style": "simple", "explode": false, "schema": {"type": "string"}}, "Link": {"description": "Links to related resources, in the format defined by [RFC 5988](https://tools.ietf.org/html/rfc5988#section-5). This will potentially include a link with relation type `next`, `first`, and `current`, where appropiate.", "required": true, "style": "simple", "explode": false, "schema": {"pattern": "(<(.*)?>; rel=\\\"(first|current|last)?\\\",)*(<(.*)?>; rel=\\\"(first|current|last)?\\\")+", "type": "string"}}, "ServerId": {"description": "The ID for the server communicated with.", "required": true, "style": "simple", "explode": false, "schema": {"type": "string"}}}, "securitySchemes": {"basicAuth": {"type": "http", "description": "Basic Authentication using an [API key](https://www.ably.io/documentation/core-features/authentication#basic-authentication).", "scheme": "basic"}, "bearerAuth": {"type": "http", "description": "Token Authentication using an [Ably Token](https://www.ably.io/documentation/core-features/authentication#basic-authentication), or optionally an [Ably JWT](https://www.ably.io/documentation/core-features/authentication#ably-jwt-process).", "scheme": "bearer"}}}}