{"openapi": "3.0.0", "info": {"title": "Airbyte Configuration API", "description": "Airbyte Configuration API\n[https://airbyte.io](https://airbyte.io).\n\nThis API is a collection HTTP RPC-style methods. While it is not a REST API, those familiar with REST should find the conventions of this API recognizable.\n\nHere are some conventions that this API follows:\n* All endpoints are http POST methods.\n* All endpoints accept data via `application/json` request bodies. The API does not accept any data via query params.\n* The naming convention for endpoints is: localhost:8001/{VERSION}/{METHOD_FAMILY}/{METHOD_NAME} e.g. `localhost:8001/v1/connections/create`.\n* For all `update` method, the whole object must be passed in, even the fields that did not change.\n\nChange Management:\n* The major version of the API endpoint can be determined / specified in the URL `localhost:8080/v1/connections/create`\n* Minor version bumps will be invisible to the end user. The user cannot specify minor versions in requests.\n* All backwards incompatible changes will happen in major version bumps. We will not make backwards incompatible changes in minor version bumps. Examples of non-breaking changes (includes but not limited to...):\n  * Adding fields to request or response bodies.\n  * Adding new HTTP endpoints.\n", "contact": {"email": "contact@airbyte.io"}, "license": {"name": "MIT", "url": "https://opensource.org/licenses/MIT"}, "version": "1.0.0-oas3", "x-apisguru-categories": ["developer_tools"], "x-origin": [{"format": "openapi", "url": "https://raw.githubusercontent.com/airbytehq/airbyte/master/airbyte-api/src/main/openapi/config.yaml", "version": "3.0"}], "x-preferred": true, "x-providerName": "airbyte.local", "x-serviceName": "config"}, "externalDocs": {"description": "Find out more about Airbyte", "url": "https://airbyte.io"}, "servers": [{"url": "http://airbyte.local"}, {"url": "http://localhost:8001/api"}], "security": [{}], "tags": [{"name": "workspace", "description": "Workspace related resources."}, {"name": "source_definition", "description": "SourceDefinition related resources."}, {"name": "source_definition_specification", "description": "SourceDefinition specification related resources."}, {"name": "source", "description": "Source related resources."}, {"name": "destination_definition", "description": "DestinationDefinition related resources."}, {"name": "destination_definition_specification", "description": "DestinationDefinitionSpecification related resources."}, {"name": "destination", "description": "Destination  related resources."}, {"name": "connection", "description": "Connection between sources and destinations."}, {"name": "web_backend", "description": "Connection between sources and destinations."}, {"name": "health", "description": "Healthchecks"}, {"name": "deployment", "description": "Export/Import Airbyte Configuration and Database resources."}], "paths": {"/v1/connections/create": {"post": {"tags": ["connection"], "summary": "Create a connection between a source and a destination", "operationId": "createConnection", "requestBody": {"content": {"application/json": {"schema": {"$ref": "#/components/schemas/ConnectionCreate"}}}, "required": true}, "responses": {"200": {"description": "Successful operation", "content": {"application/json": {"schema": {"$ref": "#/components/schemas/ConnectionRead"}}}}, "422": {"$ref": "#/components/responses/InvalidInput"}}}}, "/v1/connections/delete": {"post": {"tags": ["connection"], "summary": "Delete a connection", "operationId": "deleteConnection", "requestBody": {"content": {"application/json": {"schema": {"$ref": "#/components/schemas/ConnectionIdRequestBody"}}}, "required": true}, "responses": {"204": {"description": "The resource was deleted successfully."}, "404": {"description": "Connection not found"}, "422": {"$ref": "#/components/responses/InvalidInput"}}}}, "/v1/connections/get": {"post": {"tags": ["connection"], "summary": "Get a connection", "operationId": "getConnection", "requestBody": {"content": {"application/json": {"schema": {"$ref": "#/components/schemas/ConnectionIdRequestBody"}}}, "required": true}, "responses": {"200": {"description": "Successful operation", "content": {"application/json": {"schema": {"$ref": "#/components/schemas/ConnectionRead"}}}}, "404": {"description": "Connection not found"}, "422": {"$ref": "#/components/responses/InvalidInput"}}}}, "/v1/connections/list": {"post": {"tags": ["connection"], "summary": "Returns all connections for a workspace.", "description": "List connections for workspace. Does not return deleted connections.", "operationId": "listConnectionsForWorkspace", "requestBody": {"content": {"application/json": {"schema": {"$ref": "#/components/schemas/WorkspaceIdRequestBody"}}}, "required": true}, "responses": {"200": {"description": "Successful operation", "content": {"application/json": {"schema": {"$ref": "#/components/schemas/ConnectionReadList"}}}}, "404": {"description": "Workspace not found"}, "422": {"$ref": "#/components/responses/InvalidInput"}}}}, "/v1/connections/reset": {"post": {"tags": ["connection"], "summary": "Reset the data for the connection. Deletes data generated by the connection in the destination. Resets any cursors back to initial state.", "operationId": "resetConnection", "requestBody": {"content": {"application/json": {"schema": {"$ref": "#/components/schemas/ConnectionIdRequestBody"}}}, "required": true}, "responses": {"200": {"description": "Successful operation", "content": {"application/json": {"schema": {"$ref": "#/components/schemas/JobInfoRead"}}}}, "404": {"description": "Connection not found"}, "422": {"$ref": "#/components/responses/InvalidInput"}}}}, "/v1/connections/sync": {"post": {"tags": ["connection"], "summary": "Trigger a manual sync of the connection", "operationId": "syncConnection", "requestBody": {"content": {"application/json": {"schema": {"$ref": "#/components/schemas/ConnectionIdRequestBody"}}}, "required": true}, "responses": {"200": {"description": "Successful operation", "content": {"application/json": {"schema": {"$ref": "#/components/schemas/JobInfoRead"}}}}, "404": {"description": "Connection not found"}, "422": {"$ref": "#/components/responses/InvalidInput"}}}}, "/v1/connections/update": {"post": {"tags": ["connection"], "summary": "Updated a connection status", "operationId": "updateConnection", "requestBody": {"content": {"application/json": {"schema": {"$ref": "#/components/schemas/ConnectionUpdate"}}}, "required": true}, "responses": {"200": {"description": "Successful operation", "content": {"application/json": {"schema": {"$ref": "#/components/schemas/ConnectionRead"}}}}, "422": {"$ref": "#/components/responses/InvalidInput"}}}}, "/v1/deployment/export": {"post": {"tags": ["deployment"], "summary": "Export Airbyte Configuration and Data Archive", "operationId": "exportArchive", "responses": {"200": {"description": "Successful operation", "content": {"application/x-gzip": {"schema": {"$ref": "#/components/schemas/AirbyteArchive"}}}}}}}, "/v1/deployment/import": {"post": {"tags": ["deployment"], "summary": "Import Airbyte Configuration and Data Archive", "operationId": "importArchive", "requestBody": {"content": {"application/x-gzip": {"schema": {"$ref": "#/components/schemas/AirbyteArchive"}}}, "required": true}, "responses": {"200": {"description": "Successful operation", "content": {"application/json": {"schema": {"$ref": "#/components/schemas/ImportRead"}}}}}}}, "/v1/destination_definition_specifications/get": {"post": {"tags": ["destination_definition_specification"], "summary": "Get specification for a destinationDefinition", "operationId": "getDestinationDefinitionSpecification", "requestBody": {"content": {"application/json": {"schema": {"$ref": "#/components/schemas/DestinationDefinitionIdRequestBody"}}}, "required": true}, "responses": {"200": {"description": "Successful operation", "content": {"application/json": {"schema": {"$ref": "#/components/schemas/DestinationDefinitionSpecificationRead"}}}}, "404": {"description": "DestinationDefinition not found"}, "422": {"$ref": "#/components/responses/InvalidInput"}}}}, "/v1/destination_definitions/create": {"post": {"tags": ["destination_definition"], "summary": "Creates a destinationsDefinition", "operationId": "createDestinationDefinition", "requestBody": {"content": {"application/json": {"schema": {"$ref": "#/components/schemas/DestinationDefinitionCreate"}}}}, "responses": {"200": {"description": "Successful operation", "content": {"application/json": {"schema": {"$ref": "#/components/schemas/DestinationDefinitionRead"}}}}, "422": {"$ref": "#/components/responses/InvalidInput"}}}}, "/v1/destination_definitions/get": {"post": {"tags": ["destination_definition"], "summary": "Get destinationDefinition", "operationId": "getDestinationDefinition", "requestBody": {"content": {"application/json": {"schema": {"$ref": "#/components/schemas/DestinationDefinitionIdRequestBody"}}}, "required": true}, "responses": {"200": {"description": "Successful operation", "content": {"application/json": {"schema": {"$ref": "#/components/schemas/DestinationDefinitionRead"}}}}, "404": {"description": "DestinationDefinition not found"}, "422": {"$ref": "#/components/responses/InvalidInput"}}}}, "/v1/destination_definitions/list": {"post": {"tags": ["destination_definition"], "summary": "List all the destinationDefinitions the current Airbyte deployment is configured to use", "operationId": "listDestinationDefinitions", "responses": {"200": {"description": "Successful operation", "content": {"application/json": {"schema": {"$ref": "#/components/schemas/DestinationDefinitionReadList"}}}}}}}, "/v1/destination_definitions/list_latest": {"post": {"tags": ["destination_definition"], "summary": "List the latest destinationDefinitions Airbyte supports", "description": "Guaranteed to retrieve the latest information on supported destinations.", "operationId": "listLatestDestinationDefinitions", "responses": {"200": {"description": "Successful operation", "content": {"application/json": {"schema": {"$ref": "#/components/schemas/DestinationDefinitionReadList"}}}}}}}, "/v1/destination_definitions/update": {"post": {"tags": ["destination_definition"], "summary": "Update destinationDefinition", "operationId": "updateDestinationDefinition", "requestBody": {"content": {"application/json": {"schema": {"$ref": "#/components/schemas/DestinationDefinitionUpdate"}}}, "required": true}, "responses": {"200": {"description": "Successful operation", "content": {"application/json": {"schema": {"$ref": "#/components/schemas/DestinationDefinitionRead"}}}}, "404": {"description": "DestinationDefinition not found"}, "422": {"$ref": "#/components/responses/InvalidInput"}}}}, "/v1/destinations/check_connection": {"post": {"tags": ["destination"], "summary": "Check connection to the destination", "operationId": "checkConnectionToDestination", "requestBody": {"content": {"application/json": {"schema": {"$ref": "#/components/schemas/DestinationIdRequestBody"}}}, "required": true}, "responses": {"200": {"description": "Successful operation", "content": {"application/json": {"schema": {"$ref": "#/components/schemas/CheckConnectionRead"}}}}, "404": {"description": "Destination  not found"}, "422": {"$ref": "#/components/responses/InvalidInput"}}}}, "/v1/destinations/check_connection_for_update": {"post": {"tags": ["destination"], "summary": "Check connection for a proposed update to a destination", "operationId": "checkConnectionToDestinationForUpdate", "requestBody": {"content": {"application/json": {"schema": {"$ref": "#/components/schemas/DestinationUpdate"}}}, "required": true}, "responses": {"200": {"description": "Successful operation", "content": {"application/json": {"schema": {"$ref": "#/components/schemas/CheckConnectionRead"}}}}, "404": {"description": "Destination  not found"}, "422": {"$ref": "#/components/responses/InvalidInput"}}}}, "/v1/destinations/create": {"post": {"tags": ["destination"], "summary": "Create a destination", "operationId": "createDestination", "requestBody": {"content": {"application/json": {"schema": {"$ref": "#/components/schemas/DestinationCreate"}}}, "required": true}, "responses": {"200": {"description": "Successful operation", "content": {"application/json": {"schema": {"$ref": "#/components/schemas/DestinationRead"}}}}, "422": {"$ref": "#/components/responses/InvalidInput"}}}}, "/v1/destinations/delete": {"post": {"tags": ["destination"], "summary": "Delete the destination", "operationId": "deleteDestination", "requestBody": {"content": {"application/json": {"schema": {"$ref": "#/components/schemas/DestinationIdRequestBody"}}}, "required": true}, "responses": {"204": {"description": "The resource was deleted successfully."}, "404": {"description": "Destination  not found"}, "422": {"$ref": "#/components/responses/InvalidInput"}}}}, "/v1/destinations/get": {"post": {"tags": ["destination"], "summary": "Get configured destination", "operationId": "getDestination", "requestBody": {"content": {"application/json": {"schema": {"$ref": "#/components/schemas/DestinationIdRequestBody"}}}, "required": true}, "responses": {"200": {"description": "Successful operation", "content": {"application/json": {"schema": {"$ref": "#/components/schemas/DestinationRead"}}}}, "404": {"description": "Destination  not found"}, "422": {"$ref": "#/components/responses/InvalidInput"}}}}, "/v1/destinations/list": {"post": {"tags": ["destination"], "summary": "List configured destinations for a workspace", "operationId": "listDestinationsForWorkspace", "requestBody": {"content": {"application/json": {"schema": {"$ref": "#/components/schemas/WorkspaceIdRequestBody"}}}, "required": true}, "responses": {"200": {"description": "Successful operation", "content": {"application/json": {"schema": {"$ref": "#/components/schemas/DestinationReadList"}}}}, "404": {"description": "Workspace not found"}, "422": {"$ref": "#/components/responses/InvalidInput"}}}}, "/v1/destinations/update": {"post": {"tags": ["destination"], "summary": "Update a destination", "operationId": "updateDestination", "requestBody": {"content": {"application/json": {"schema": {"$ref": "#/components/schemas/DestinationUpdate"}}}, "required": true}, "responses": {"200": {"description": "Successful operation", "content": {"application/json": {"schema": {"$ref": "#/components/schemas/DestinationRead"}}}}, "422": {"$ref": "#/components/responses/InvalidInput"}}}}, "/v1/health": {"get": {"tags": ["health"], "summary": "Health Check", "operationId": "getHealthCheck", "responses": {"200": {"description": "Successful operation", "content": {"application/json": {"schema": {"$ref": "#/components/schemas/HealthCheckRead"}}}}}}}, "/v1/jobs/get": {"post": {"tags": ["jobs"], "summary": "Get information about a job", "operationId": "getJobInfo", "requestBody": {"content": {"application/json": {"schema": {"$ref": "#/components/schemas/JobIdRequestBody"}}}, "required": true}, "responses": {"200": {"description": "Successful operation", "content": {"application/json": {"schema": {"$ref": "#/components/schemas/JobInfoRead"}}}}, "404": {"description": "Job not found"}, "422": {"$ref": "#/components/responses/InvalidInput"}}}}, "/v1/jobs/list": {"post": {"tags": ["jobs"], "summary": "Returns recent jobs for a connection. Jobs are returned in descending order by createdAt.", "operationId": "listJobsFor", "requestBody": {"content": {"application/json": {"schema": {"$ref": "#/components/schemas/JobListRequestBody"}}}, "required": true}, "responses": {"200": {"description": "Successful operation", "content": {"application/json": {"schema": {"$ref": "#/components/schemas/JobReadList"}}}}, "404": {"description": "Connection not found"}, "422": {"$ref": "#/components/responses/InvalidInput"}}}}, "/v1/logs/get": {"post": {"tags": ["logs"], "summary": "Get logs", "operationId": "getLogs", "requestBody": {"content": {"application/json": {"schema": {"$ref": "#/components/schemas/LogsRequestBody"}}}, "required": true}, "responses": {"200": {"description": "Returns the log file", "content": {"text/plain": {"schema": {"type": "string", "format": "binary"}}}}, "404": {"description": "Logs not found"}, "422": {"$ref": "#/components/responses/InvalidInput"}}}}, "/v1/openapi": {"get": {"tags": ["openapi"], "summary": "Returns the openapi specification", "operationId": "getOpenApiSpec", "responses": {"200": {"description": "Returns the openapi specification file", "content": {"text/plain": {"schema": {"type": "string", "format": "binary"}}}}}}}, "/v1/scheduler/destinations/check_connection": {"post": {"tags": ["scheduler"], "summary": "Run check connection for a given destination configuration", "operationId": "executeDestinationCheckConnection", "requestBody": {"content": {"application/json": {"schema": {"$ref": "#/components/schemas/DestinationCoreConfig"}}}, "required": true}, "responses": {"200": {"description": "Successful operation", "content": {"application/json": {"schema": {"$ref": "#/components/schemas/CheckConnectionRead"}}}}, "422": {"$ref": "#/components/responses/InvalidInput"}}}}, "/v1/scheduler/sources/check_connection": {"post": {"tags": ["scheduler"], "summary": "Run check connection for a given source configuration", "operationId": "executeSourceCheckConnection", "requestBody": {"content": {"application/json": {"schema": {"$ref": "#/components/schemas/SourceCoreConfig"}}}, "required": true}, "responses": {"200": {"description": "Successful operation", "content": {"application/json": {"schema": {"$ref": "#/components/schemas/CheckConnectionRead"}}}}, "422": {"$ref": "#/components/responses/InvalidInput"}}}}, "/v1/scheduler/sources/discover_schema": {"post": {"tags": ["scheduler"], "summary": "Run discover schema for a given source a source configuration", "operationId": "executeSourceDiscoverSchema", "requestBody": {"content": {"application/json": {"schema": {"$ref": "#/components/schemas/SourceCoreConfig"}}}, "required": true}, "responses": {"200": {"description": "Successful operation", "content": {"application/json": {"schema": {"$ref": "#/components/schemas/SourceDiscoverSchemaRead"}}}}, "422": {"$ref": "#/components/responses/InvalidInput"}}}}, "/v1/source_definition_specifications/get": {"post": {"tags": ["source_definition_specification"], "summary": "Get specification for a SourceDefinition.", "operationId": "getSourceDefinitionSpecification", "requestBody": {"content": {"application/json": {"schema": {"$ref": "#/components/schemas/SourceDefinitionIdRequestBody"}}}, "required": true}, "responses": {"200": {"description": "Successful operation", "content": {"application/json": {"schema": {"$ref": "#/components/schemas/SourceDefinitionSpecificationRead"}}}}, "404": {"description": "SourceDefinition not found"}, "422": {"$ref": "#/components/responses/InvalidInput"}}}}, "/v1/source_definitions/create": {"post": {"tags": ["source_definition"], "summary": "Creates a sourceDefinition", "operationId": "createSourceDefinition", "requestBody": {"content": {"application/json": {"schema": {"$ref": "#/components/schemas/SourceDefinitionCreate"}}}}, "responses": {"200": {"description": "Successful operation", "content": {"application/json": {"schema": {"$ref": "#/components/schemas/SourceDefinitionRead"}}}}, "422": {"$ref": "#/components/responses/InvalidInput"}}}}, "/v1/source_definitions/get": {"post": {"tags": ["source_definition"], "summary": "Get source", "operationId": "getSourceDefinition", "requestBody": {"content": {"application/json": {"schema": {"$ref": "#/components/schemas/SourceDefinitionIdRequestBody"}}}, "required": true}, "responses": {"200": {"description": "Successful operation", "content": {"application/json": {"schema": {"$ref": "#/components/schemas/SourceDefinitionRead"}}}}, "404": {"description": "SourceDefinition not found"}, "422": {"$ref": "#/components/responses/InvalidInput"}}}}, "/v1/source_definitions/list": {"post": {"tags": ["source_definition"], "summary": "List all the sourceDefinitions the current Airbyte deployment is configured to use", "operationId": "listSourceDefinitions", "responses": {"200": {"description": "Successful operation", "content": {"application/json": {"schema": {"$ref": "#/components/schemas/SourceDefinitionReadList"}}}}}}}, "/v1/source_definitions/list_latest": {"post": {"tags": ["source_definition"], "summary": "List the latest sourceDefinitions Airbyte supports", "description": "Guaranteed to retrieve the latest information on supported sources.", "operationId": "listLatestSourceDefinitions", "responses": {"200": {"description": "Successful operation", "content": {"application/json": {"schema": {"$ref": "#/components/schemas/SourceDefinitionReadList"}}}}}}}, "/v1/source_definitions/update": {"post": {"tags": ["source_definition"], "summary": "Update a sourceDefinition", "operationId": "updateSourceDefinition", "requestBody": {"content": {"application/json": {"schema": {"$ref": "#/components/schemas/SourceDefinitionUpdate"}}}}, "responses": {"200": {"description": "Successful operation", "content": {"application/json": {"schema": {"$ref": "#/components/schemas/SourceDefinitionRead"}}}}, "404": {"description": "SourceDefinition not found"}, "422": {"$ref": "#/components/responses/InvalidInput"}}}}, "/v1/sources/check_connection": {"post": {"tags": ["source"], "summary": "Check connection to the source", "operationId": "checkConnectionToSource", "requestBody": {"content": {"application/json": {"schema": {"$ref": "#/components/schemas/SourceIdRequestBody"}}}, "required": true}, "responses": {"200": {"description": "Successful operation", "content": {"application/json": {"schema": {"$ref": "#/components/schemas/CheckConnectionRead"}}}}, "404": {"description": "Source not found"}, "422": {"$ref": "#/components/responses/InvalidInput"}}}}, "/v1/sources/check_connection_for_update": {"post": {"tags": ["source"], "summary": "Check connection for a proposed update to a source", "operationId": "checkConnectionToSourceForUpdate", "requestBody": {"content": {"application/json": {"schema": {"$ref": "#/components/schemas/SourceUpdate"}}}, "required": true}, "responses": {"200": {"description": "Successful operation", "content": {"application/json": {"schema": {"$ref": "#/components/schemas/CheckConnectionRead"}}}}, "404": {"description": "Source not found"}, "422": {"$ref": "#/components/responses/InvalidInput"}}}}, "/v1/sources/create": {"post": {"tags": ["source"], "summary": "Create a source", "operationId": "createSource", "requestBody": {"content": {"application/json": {"schema": {"$ref": "#/components/schemas/SourceCreate"}}}, "required": true}, "responses": {"200": {"description": "Successful operation", "content": {"application/json": {"schema": {"$ref": "#/components/schemas/SourceRead"}}}}, "422": {"$ref": "#/components/responses/InvalidInput"}}}}, "/v1/sources/delete": {"post": {"tags": ["source"], "summary": "Delete a source", "operationId": "deleteSource", "requestBody": {"content": {"application/json": {"schema": {"$ref": "#/components/schemas/SourceIdRequestBody"}}}, "required": true}, "responses": {"204": {"description": "The resource was deleted successfully."}, "404": {"description": "Source not found"}, "422": {"$ref": "#/components/responses/InvalidInput"}}}}, "/v1/sources/discover_schema": {"post": {"tags": ["source"], "summary": "Discover the schema catalog of the source", "operationId": "discoverSchemaForSource", "requestBody": {"content": {"application/json": {"schema": {"$ref": "#/components/schemas/SourceIdRequestBody"}}}, "required": true}, "responses": {"200": {"description": "Successful operation", "content": {"application/json": {"schema": {"$ref": "#/components/schemas/SourceDiscoverSchemaRead"}}}}, "404": {"description": "Source not found"}, "422": {"$ref": "#/components/responses/InvalidInput"}}}}, "/v1/sources/get": {"post": {"tags": ["source"], "summary": "Get source", "operationId": "getSource", "requestBody": {"content": {"application/json": {"schema": {"$ref": "#/components/schemas/SourceIdRequestBody"}}}, "required": true}, "responses": {"200": {"description": "Successful operation", "content": {"application/json": {"schema": {"$ref": "#/components/schemas/SourceRead"}}}}, "404": {"description": "Source not found"}, "422": {"$ref": "#/components/responses/InvalidInput"}}}}, "/v1/sources/list": {"post": {"tags": ["source"], "summary": "List sources for workspace", "description": "List sources for workspace. Does not return deleted sources.", "operationId": "listSourcesForWorkspace", "requestBody": {"content": {"application/json": {"schema": {"$ref": "#/components/schemas/WorkspaceIdRequestBody"}}}, "required": true}, "responses": {"200": {"description": "Successful operation", "content": {"application/json": {"schema": {"$ref": "#/components/schemas/SourceReadList"}}}}, "404": {"description": "Workspace not found"}, "422": {"$ref": "#/components/responses/InvalidInput"}}}}, "/v1/sources/update": {"post": {"tags": ["source"], "summary": "Update a source", "operationId": "updateSource", "requestBody": {"content": {"application/json": {"schema": {"$ref": "#/components/schemas/SourceUpdate"}}}, "required": true}, "responses": {"200": {"description": "Successful operation", "content": {"application/json": {"schema": {"$ref": "#/components/schemas/SourceRead"}}}}, "404": {"description": "Source not found"}, "422": {"$ref": "#/components/responses/InvalidInput"}}}}, "/v1/web_backend/connections/get": {"post": {"tags": ["web_backend"], "summary": "Get a connection", "operationId": "webBackendGetConnection", "requestBody": {"content": {"application/json": {"schema": {"$ref": "#/components/schemas/WebBackendConnectionRequestBody"}}}, "required": true}, "responses": {"200": {"description": "Successful operation", "content": {"application/json": {"schema": {"$ref": "#/components/schemas/WbConnectionRead"}}}}, "404": {"description": "Connection not found"}, "422": {"$ref": "#/components/responses/InvalidInput"}}}}, "/v1/web_backend/connections/list": {"post": {"tags": ["web_backend"], "summary": "Returns all connections for a workspace.", "operationId": "webBackendListConnectionsForWorkspace", "requestBody": {"content": {"application/json": {"schema": {"$ref": "#/components/schemas/WorkspaceIdRequestBody"}}}, "required": true}, "responses": {"200": {"description": "Successful operation", "content": {"application/json": {"schema": {"$ref": "#/components/schemas/WbConnectionReadList"}}}}, "404": {"description": "Workspace not found"}, "422": {"$ref": "#/components/responses/InvalidInput"}}}}, "/v1/web_backend/connections/update": {"post": {"tags": ["web_backend"], "summary": "Update a connection", "operationId": "webBackendUpdateConnection", "requestBody": {"content": {"application/json": {"schema": {"$ref": "#/components/schemas/WebBackendConnectionUpdate"}}}, "required": true}, "responses": {"200": {"description": "Successful operation", "content": {"application/json": {"schema": {"$ref": "#/components/schemas/ConnectionRead"}}}}, "422": {"$ref": "#/components/responses/InvalidInput"}}}}, "/v1/web_backend/destinations/recreate": {"post": {"tags": ["web_backend"], "summary": "Recreate a destination", "operationId": "webBackendRecreateDestination", "requestBody": {"content": {"application/json": {"schema": {"$ref": "#/components/schemas/DestinationRecreate"}}}, "required": true}, "responses": {"200": {"description": "Successful operation", "content": {"application/json": {"schema": {"$ref": "#/components/schemas/DestinationRead"}}}}, "422": {"$ref": "#/components/responses/InvalidInput"}}}}, "/v1/web_backend/sources/recreate": {"post": {"tags": ["web_backend"], "summary": "Recreate a source", "operationId": "webBackendRecreateSource", "requestBody": {"content": {"application/json": {"schema": {"$ref": "#/components/schemas/SourceRecreate"}}}, "required": true}, "responses": {"200": {"description": "Successful operation", "content": {"application/json": {"schema": {"$ref": "#/components/schemas/SourceRead"}}}}, "422": {"$ref": "#/components/responses/InvalidInput"}}}}, "/v1/workspaces/create": {"post": {"tags": ["workspace"], "summary": "Creates a workspace", "operationId": "createWorkspace", "requestBody": {"content": {"application/json": {"schema": {"$ref": "#/components/schemas/WorkspaceCreate"}}}, "required": true}, "responses": {"200": {"description": "Successful operation", "content": {"application/json": {"schema": {"$ref": "#/components/schemas/WorkspaceRead"}}}}, "422": {"$ref": "#/components/responses/InvalidInput"}}}}, "/v1/workspaces/delete": {"post": {"tags": ["workspace"], "summary": "Deletes a workspace", "operationId": "deleteWorkspace", "requestBody": {"content": {"application/json": {"schema": {"$ref": "#/components/schemas/WorkspaceIdRequestBody"}}}, "required": true}, "responses": {"204": {"description": "The resource was deleted successfully."}, "404": {"description": "Source not found"}, "422": {"$ref": "#/components/responses/InvalidInput"}}}}, "/v1/workspaces/get": {"post": {"tags": ["workspace"], "summary": "Find workspace by ID", "operationId": "getWorkspace", "requestBody": {"content": {"application/json": {"schema": {"$ref": "#/components/schemas/WorkspaceIdRequestBody"}}}, "required": true}, "responses": {"200": {"description": "Successful operation", "content": {"application/json": {"schema": {"$ref": "#/components/schemas/WorkspaceRead"}}}}, "404": {"description": "Workspace not found"}, "422": {"$ref": "#/components/responses/InvalidInput"}}}}, "/v1/workspaces/get_by_slug": {"post": {"tags": ["workspace"], "summary": "Find workspace by slug", "operationId": "getWorkspaceBySlug", "requestBody": {"content": {"application/json": {"schema": {"$ref": "#/components/schemas/SlugRequestBody"}}}, "required": true}, "responses": {"200": {"description": "Successful operation", "content": {"application/json": {"schema": {"$ref": "#/components/schemas/WorkspaceRead"}}}}, "404": {"description": "Workspace not found"}, "422": {"$ref": "#/components/responses/InvalidInput"}}}}, "/v1/workspaces/update": {"post": {"tags": ["workspace"], "summary": "Update workspace state", "operationId": "updateWorkspace", "requestBody": {"content": {"application/json": {"schema": {"$ref": "#/components/schemas/WorkspaceUpdate"}}}, "required": true}, "responses": {"200": {"description": "Successful operation", "content": {"application/json": {"schema": {"$ref": "#/components/schemas/WorkspaceRead"}}}}, "404": {"description": "Workspace not found"}, "422": {"$ref": "#/components/responses/InvalidInput"}}}}}, "components": {"schemas": {"AirbyteArchive": {"type": "string", "description": "Tarball Archive (.tar.gz) of Airbyte Configuration and Database", "format": "binary"}, "AirbyteCatalog": {"required": ["streams"], "type": "object", "properties": {"streams": {"type": "array", "items": {"$ref": "#/components/schemas/AirbyteStreamAndConfiguration"}}}, "description": "describes the available schema (catalog)."}, "AirbyteStream": {"required": ["json_schema", "name"], "type": "object", "properties": {"defaultCursorField": {"type": "array", "description": "Path to the field that will be used to determine if a record is new or modified since the last sync. If not provided by the source, the end user will have to specify the comparable themselves.", "items": {"type": "string"}}, "jsonSchema": {"$ref": "#/components/schemas/StreamJsonSchema"}, "name": {"type": "string", "description": "Stream's name."}, "sourceDefinedCursor": {"type": "boolean", "description": "If the source defines the cursor field, then any other cursor field inputs will be ignored. If it does not, either the user_provided one is used, or the default one is used as a backup."}, "sourceDefinedPrimaryKey": {"type": "array", "description": "If the source defines the primary key, paths to the fields that will be used as a primary key. If not provided by the source, the end user will have to specify the primary key themselves.", "items": {"type": "array", "items": {"type": "string"}}}, "supportedSyncModes": {"type": "array", "items": {"$ref": "#/components/schemas/SyncMode"}}}, "additionalProperties": false, "description": "the immutable schema defined by the source"}, "AirbyteStreamAndConfiguration": {"type": "object", "properties": {"config": {"$ref": "#/components/schemas/AirbyteStreamConfiguration"}, "stream": {"$ref": "#/components/schemas/AirbyteStream"}}, "additionalProperties": false, "description": "each stream is split in two parts; the immutable schema from source and mutable configuration for destination"}, "AirbyteStreamConfiguration": {"type": "object", "properties": {"aliasName": {"type": "string", "description": "Alias name to the stream to be used in the destination"}, "cursorField": {"type": "array", "description": "Path to the field that will be used to determine if a record is new or modified since the last sync. This field is REQUIRED if `sync_mode` is `incremental`. Otherwise it is ignored.", "items": {"type": "string"}}, "destinationSyncMode": {"$ref": "#/components/schemas/DestinationSyncMode"}, "primaryKey": {"type": "array", "description": "Paths to the fields that will be used as primary key. This field is REQUIRED if `destination_sync_mode` is `*_dedup`. Otherwise it is ignored.", "items": {"type": "array", "items": {"type": "string"}}}, "selected": {"type": "boolean"}, "syncMode": {"$ref": "#/components/schemas/SyncMode"}}, "additionalProperties": false, "description": "the mutable part of the stream to configure the destination"}, "AttemptInfoRead": {"required": ["attempt", "logs"], "type": "object", "properties": {"attempt": {"$ref": "#/components/schemas/AttemptRead"}, "logs": {"$ref": "#/components/schemas/LogRead"}}}, "AttemptRead": {"required": ["createdAt", "id", "status", "updatedAt"], "type": "object", "properties": {"bytesSynced": {"type": "integer", "format": "int64"}, "createdAt": {"type": "integer", "format": "int64"}, "endedAt": {"type": "integer", "format": "int64"}, "id": {"type": "integer", "format": "int64"}, "recordsSynced": {"type": "integer", "format": "int64"}, "status": {"$ref": "#/components/schemas/AttemptStatus"}, "updatedAt": {"type": "integer", "format": "int64"}}}, "AttemptStatus": {"type": "string", "enum": ["running", "failed", "succeeded"]}, "CheckConnectionRead": {"required": ["jobInfo", "status"], "type": "object", "properties": {"jobInfo": {"$ref": "#/components/schemas/JobInfoRead"}, "message": {"type": "string"}, "status": {"type": "string", "enum": ["succeeded", "failed"]}}}, "ConnectionCreate": {"required": ["destinationId", "sourceId", "status"], "type": "object", "properties": {"destinationId": {"$ref": "#/components/schemas/DestinationId"}, "name": {"type": "string", "description": "Optional name of the connection"}, "prefix": {"type": "string", "description": "Prefix that will be prepended to the name of each stream when it is written to the destination."}, "schedule": {"$ref": "#/components/schemas/ConnectionSchedule"}, "sourceId": {"$ref": "#/components/schemas/SourceId"}, "status": {"$ref": "#/components/schemas/ConnectionStatus"}, "syncCatalog": {"$ref": "#/components/schemas/AirbyteCatalog"}}}, "ConnectionId": {"type": "string", "format": "uuid"}, "ConnectionIdRequestBody": {"required": ["connectionId"], "type": "object", "properties": {"connectionId": {"$ref": "#/components/schemas/ConnectionId"}}}, "ConnectionRead": {"required": ["connectionId", "destinationId", "name", "sourceId", "status", "syncCatalog"], "type": "object", "properties": {"connectionId": {"$ref": "#/components/schemas/ConnectionId"}, "destinationId": {"$ref": "#/components/schemas/DestinationId"}, "name": {"type": "string"}, "prefix": {"type": "string", "description": "Prefix that will be prepended to the name of each stream when it is written to the destination."}, "schedule": {"$ref": "#/components/schemas/ConnectionSchedule"}, "sourceId": {"$ref": "#/components/schemas/SourceId"}, "status": {"$ref": "#/components/schemas/ConnectionStatus"}, "syncCatalog": {"$ref": "#/components/schemas/AirbyteCatalog"}}}, "ConnectionReadList": {"required": ["connections"], "type": "object", "properties": {"connections": {"type": "array", "items": {"$ref": "#/components/schemas/ConnectionRead"}}}}, "ConnectionSchedule": {"required": ["timeUnit", "units"], "type": "object", "properties": {"timeUnit": {"type": "string", "enum": ["minutes", "hours", "days", "weeks", "months"]}, "units": {"type": "integer", "format": "int64"}}, "description": "if null, then no schedule is set."}, "ConnectionStatus": {"type": "string", "description": "Active means that data is flowing through the connection. Inactive means it is not. Deprecated means the connection is off and cannot be re-activated. the schema field describes the elements of the schema that will be synced.", "enum": ["active", "inactive", "deprecated"]}, "ConnectionUpdate": {"required": ["connectionId", "status", "syncCatalog"], "type": "object", "properties": {"connectionId": {"$ref": "#/components/schemas/ConnectionId"}, "prefix": {"type": "string", "description": "Prefix that will be prepended to the name of each stream when it is written to the destination."}, "schedule": {"$ref": "#/components/schemas/ConnectionSchedule"}, "status": {"$ref": "#/components/schemas/ConnectionStatus"}, "syncCatalog": {"$ref": "#/components/schemas/AirbyteCatalog"}}}, "CustomerId": {"type": "string", "format": "uuid"}, "DataType": {"type": "string", "enum": ["string", "number", "boolean", "object", "array"]}, "DestinationConfiguration": {"description": "The values required to configure the destination. The schema for this must match the schema return by destination_definition_specifications/get for the destinationDefinition.", "example": {"user": "charles"}}, "DestinationCoreConfig": {"required": ["connectionConfiguration", "destinationDefinitionId", "workspaceId"], "type": "object", "properties": {"connectionConfiguration": {"$ref": "#/components/schemas/DestinationConfiguration"}, "destinationDefinitionId": {"$ref": "#/components/schemas/DestinationDefinitionId"}}}, "DestinationCreate": {"allOf": [{"$ref": "#/components/schemas/DestinationCoreConfig"}, {"required": ["name", "workspaceId"], "type": "object", "properties": {"name": {"type": "string"}, "workspaceId": {"$ref": "#/components/schemas/WorkspaceId"}}}]}, "DestinationDefinitionCreate": {"required": ["dockerImageTag", "dockerRepository", "documentationUrl", "name"], "type": "object", "properties": {"dockerImageTag": {"type": "string"}, "dockerRepository": {"type": "string"}, "documentationUrl": {"type": "string", "format": "uri"}, "name": {"type": "string"}}}, "DestinationDefinitionId": {"type": "string", "format": "uuid"}, "DestinationDefinitionIdRequestBody": {"required": ["destinationDefinitionId"], "type": "object", "properties": {"destinationDefinitionId": {"$ref": "#/components/schemas/DestinationDefinitionId"}}}, "DestinationDefinitionRead": {"required": ["destinationDefinitionId", "dockerImageTag", "dockerRepository", "documentationUrl", "name"], "type": "object", "properties": {"destinationDefinitionId": {"$ref": "#/components/schemas/DestinationDefinitionId"}, "dockerImageTag": {"type": "string"}, "dockerRepository": {"type": "string"}, "documentationUrl": {"type": "string", "format": "uri"}, "name": {"type": "string"}}}, "DestinationDefinitionReadList": {"required": ["destinationDefinitions"], "type": "object", "properties": {"destinationDefinitions": {"type": "array", "items": {"$ref": "#/components/schemas/DestinationDefinitionRead"}}}}, "DestinationDefinitionSpecification": {"description": "The specification for what values are required to configure the destinationDefinition.", "example": {"user": {"type": "string"}}}, "DestinationDefinitionSpecificationRead": {"required": ["connectionSpecification", "destinationDefinitionId"], "type": "object", "properties": {"connectionSpecification": {"$ref": "#/components/schemas/DestinationDefinitionSpecification"}, "destinationDefinitionId": {"$ref": "#/components/schemas/DestinationDefinitionId"}, "documentationUrl": {"type": "string"}}}, "DestinationDefinitionUpdate": {"required": ["destinationDefinitionId", "dockerImageag"], "type": "object", "properties": {"destinationDefinitionId": {"$ref": "#/components/schemas/DestinationDefinitionId"}, "dockerImageTag": {"type": "string"}}}, "DestinationId": {"type": "string", "format": "uuid"}, "DestinationIdRequestBody": {"required": ["destinationId"], "type": "object", "properties": {"destinationId": {"$ref": "#/components/schemas/DestinationId"}}}, "DestinationRead": {"required": ["connectionConfiguration", "destinationDefinitionId", "destinationId", "destinationName", "name", "workspaceId"], "type": "object", "properties": {"connectionConfiguration": {"$ref": "#/components/schemas/DestinationConfiguration"}, "destinationDefinitionId": {"$ref": "#/components/schemas/DestinationDefinitionId"}, "destinationId": {"$ref": "#/components/schemas/DestinationId"}, "destinationName": {"type": "string"}, "name": {"type": "string"}, "workspaceId": {"$ref": "#/components/schemas/WorkspaceId"}}}, "DestinationReadList": {"required": ["destinations"], "type": "object", "properties": {"destinations": {"type": "array", "items": {"$ref": "#/components/schemas/DestinationRead"}}}}, "DestinationRecreate": {"required": ["connectionConfiguration", "destinationDefinitionId", "destinationId", "name", "workspaceId"], "type": "object", "properties": {"connectionConfiguration": {"$ref": "#/components/schemas/DestinationConfiguration"}, "destinationDefinitionId": {"$ref": "#/components/schemas/DestinationDefinitionId"}, "destinationId": {"$ref": "#/components/schemas/DestinationId"}, "name": {"type": "string"}, "workspaceId": {"$ref": "#/components/schemas/WorkspaceId"}}}, "DestinationSyncMode": {"type": "string", "enum": ["append", "overwrite", "append_dedup"]}, "DestinationUpdate": {"required": ["connectionConfiguration", "destinationId", "name"], "type": "object", "properties": {"connectionConfiguration": {"$ref": "#/components/schemas/DestinationConfiguration"}, "destinationId": {"$ref": "#/components/schemas/DestinationId"}, "name": {"type": "string"}}}, "HealthCheckRead": {"required": ["db"], "type": "object", "properties": {"db": {"type": "boolean"}}}, "ImportRead": {"required": ["status"], "type": "object", "properties": {"reason": {"type": "string"}, "status": {"type": "string", "enum": ["succeeded", "failed"]}}}, "JobConfigType": {"type": "string", "enum": ["check_connection_source", "check_connection_destination", "discover_schema", "get_spec", "sync", "reset_connection"]}, "JobId": {"type": "integer", "format": "int64"}, "JobIdRequestBody": {"required": ["id"], "type": "object", "properties": {"id": {"$ref": "#/components/schemas/JobId"}}}, "JobInfoRead": {"required": ["attempts", "job"], "type": "object", "properties": {"attempts": {"type": "array", "items": {"$ref": "#/components/schemas/AttemptInfoRead"}}, "job": {"$ref": "#/components/schemas/JobRead"}}}, "JobListRequestBody": {"required": ["configId", "configTypes"], "type": "object", "properties": {"configId": {"type": "string"}, "configTypes": {"type": "array", "items": {"$ref": "#/components/schemas/JobConfigType"}}}}, "JobRead": {"required": ["configId", "configType", "createdAt", "id", "status", "updatedAt"], "type": "object", "properties": {"configId": {"type": "string"}, "configType": {"$ref": "#/components/schemas/JobConfigType"}, "createdAt": {"type": "integer", "format": "int64"}, "id": {"$ref": "#/components/schemas/JobId"}, "status": {"$ref": "#/components/schemas/JobStatus"}, "updatedAt": {"type": "integer", "format": "int64"}}}, "JobReadList": {"required": ["jobs"], "type": "object", "properties": {"jobs": {"type": "array", "items": {"$ref": "#/components/schemas/JobWithAttemptsRead"}}}}, "JobStatus": {"type": "string", "enum": ["pending", "running", "incomplete", "failed", "succeeded", "cancelled"]}, "JobWithAttemptsRead": {"type": "object", "properties": {"attempts": {"type": "array", "items": {"$ref": "#/components/schemas/AttemptRead"}}, "job": {"$ref": "#/components/schemas/JobRead"}}}, "LogRead": {"required": ["logLines"], "type": "object", "properties": {"logLines": {"type": "array", "items": {"type": "string"}}}}, "LogType": {"type": "string", "description": "type/source of logs produced", "enum": ["server", "scheduler"]}, "LogsRequestBody": {"required": ["logType"], "type": "object", "properties": {"logType": {"$ref": "#/components/schemas/LogType"}}}, "SlugRequestBody": {"required": ["slug"], "type": "object", "properties": {"slug": {"type": "string"}}}, "SourceConfiguration": {"description": "The values required to configure the source. The schema for this must match the schema return by source_definition_specifications/get for the source.", "example": {"user": "charles"}}, "SourceCoreConfig": {"required": ["connectionConfiguration", "sourceDefinitionId"], "type": "object", "properties": {"connectionConfiguration": {"$ref": "#/components/schemas/SourceConfiguration"}, "sourceDefinitionId": {"$ref": "#/components/schemas/SourceDefinitionId"}}}, "SourceCreate": {"allOf": [{"$ref": "#/components/schemas/SourceCoreConfig"}, {"required": ["name", "workspaceId"], "type": "object", "properties": {"name": {"type": "string"}, "workspaceId": {"$ref": "#/components/schemas/WorkspaceId"}}}]}, "SourceDefinitionCreate": {"required": ["dockerImageTag", "dockerRepository", "documentationUrl", "name"], "type": "object", "properties": {"dockerImageTag": {"type": "string"}, "dockerRepository": {"type": "string"}, "documentationUrl": {"type": "string", "format": "uri"}, "name": {"type": "string"}}}, "SourceDefinitionId": {"type": "string", "format": "uuid"}, "SourceDefinitionIdRequestBody": {"required": ["sourceDefinitionId"], "type": "object", "properties": {"sourceDefinitionId": {"$ref": "#/components/schemas/SourceDefinitionId"}}}, "SourceDefinitionRead": {"required": ["dockerImageTag", "dockerRepository", "name", "sourceDefinitionId"], "type": "object", "properties": {"dockerImageTag": {"type": "string"}, "dockerRepository": {"type": "string"}, "documentationUrl": {"type": "string", "format": "uri"}, "name": {"type": "string"}, "sourceDefinitionId": {"$ref": "#/components/schemas/SourceDefinitionId"}}}, "SourceDefinitionReadList": {"required": ["sourceDefinitions"], "type": "object", "properties": {"sourceDefinitions": {"type": "array", "items": {"$ref": "#/components/schemas/SourceDefinitionRead"}}}}, "SourceDefinitionSpecification": {"type": "object", "description": "The specification for what values are required to configure the sourceDefinition.", "example": {"user": {"type": "string"}}}, "SourceDefinitionSpecificationRead": {"required": ["connectionSpecification", "sourceDefinitionId"], "type": "object", "properties": {"connectionSpecification": {"$ref": "#/components/schemas/SourceDefinitionSpecification"}, "documentationUrl": {"type": "string"}, "sourceDefinitionId": {"$ref": "#/components/schemas/SourceDefinitionId"}}}, "SourceDefinitionUpdate": {"required": ["dockerImageTag", "sourceDefinitionId"], "type": "object", "properties": {"dockerImageTag": {"type": "string"}, "sourceDefinitionId": {"$ref": "#/components/schemas/SourceDefinitionId"}}, "description": "Update the SourceDefinition. Currently, the only allowed attribute to update is the default docker image version."}, "SourceDiscoverSchemaRead": {"required": ["jobInfo"], "type": "object", "properties": {"catalog": {"$ref": "#/components/schemas/AirbyteCatalog"}, "jobInfo": {"$ref": "#/components/schemas/JobInfoRead"}}, "description": "Returns the results of a discover catalog job. If the job was not successful, the catalog field will not be present. jobInfo will aways be present and its status be used to determine if the job was successful or not."}, "SourceId": {"type": "string", "format": "uuid"}, "SourceIdRequestBody": {"required": ["sourceId"], "type": "object", "properties": {"sourceId": {"$ref": "#/components/schemas/SourceId"}}}, "SourceRead": {"required": ["connectionConfiguration", "name", "sourceDefinitionId", "sourceId", "sourceName", "workspaceId"], "type": "object", "properties": {"connectionConfiguration": {"$ref": "#/components/schemas/SourceConfiguration"}, "name": {"type": "string"}, "sourceDefinitionId": {"$ref": "#/components/schemas/SourceDefinitionId"}, "sourceId": {"$ref": "#/components/schemas/SourceId"}, "sourceName": {"type": "string"}, "workspaceId": {"$ref": "#/components/schemas/WorkspaceId"}}}, "SourceReadList": {"required": ["sources"], "type": "object", "properties": {"sources": {"type": "array", "items": {"$ref": "#/components/schemas/SourceRead"}}}}, "SourceRecreate": {"required": ["connectionConfiguration", "name", "sourceDefinitionId", "sourceId", "workspaceId"], "type": "object", "properties": {"connectionConfiguration": {"$ref": "#/components/schemas/SourceConfiguration"}, "name": {"type": "string"}, "sourceDefinitionId": {"$ref": "#/components/schemas/SourceDefinitionId"}, "sourceId": {"$ref": "#/components/schemas/SourceId"}, "workspaceId": {"$ref": "#/components/schemas/WorkspaceId"}}}, "SourceUpdate": {"required": ["connectionConfiguration", "name", "sourceId"], "type": "object", "properties": {"connectionConfiguration": {"$ref": "#/components/schemas/SourceConfiguration"}, "name": {"type": "string"}, "sourceId": {"$ref": "#/components/schemas/SourceId"}}}, "StreamJsonSchema": {"type": "object"}, "SyncMode": {"type": "string", "enum": ["full_refresh", "incremental"]}, "WbConnectionRead": {"required": ["connectionId", "destination", "destinationId", "isSyncing", "name", "source", "sourceId", "status", "syncCatalog"], "type": "object", "properties": {"connectionId": {"$ref": "#/components/schemas/ConnectionId"}, "destination": {"$ref": "#/components/schemas/DestinationRead"}, "destinationId": {"$ref": "#/components/schemas/DestinationId"}, "isSyncing": {"type": "boolean"}, "lastSync": {"type": "integer", "description": "epoch time of last sync. null if no sync has taken place.", "format": "int64"}, "name": {"type": "string"}, "prefix": {"type": "string"}, "schedule": {"$ref": "#/components/schemas/ConnectionSchedule"}, "source": {"$ref": "#/components/schemas/SourceRead"}, "sourceId": {"$ref": "#/components/schemas/SourceId"}, "status": {"$ref": "#/components/schemas/ConnectionStatus"}, "syncCatalog": {"$ref": "#/components/schemas/AirbyteCatalog"}}}, "WbConnectionReadList": {"required": ["connections"], "type": "object", "properties": {"connections": {"type": "array", "items": {"$ref": "#/components/schemas/WbConnectionRead"}}}}, "WebBackendConnectionRequestBody": {"required": ["connectionId"], "type": "object", "properties": {"connectionId": {"$ref": "#/components/schemas/ConnectionId"}, "withRefreshedCatalog": {"type": "boolean"}}}, "WebBackendConnectionUpdate": {"allOf": [{"$ref": "#/components/schemas/ConnectionUpdate"}, {"type": "object", "properties": {"withRefreshedCatalog": {"type": "boolean"}}}]}, "WorkspaceCreate": {"required": ["name"], "type": "object", "properties": {"anonymousDataCollection": {"type": "boolean"}, "email": {"type": "string", "format": "email"}, "name": {"type": "string"}, "news": {"type": "boolean"}, "securityUpdates": {"type": "boolean"}}}, "WorkspaceId": {"type": "string", "format": "uuid"}, "WorkspaceIdRequestBody": {"required": ["workspaceId"], "type": "object", "properties": {"workspaceId": {"$ref": "#/components/schemas/WorkspaceId"}}}, "WorkspaceRead": {"required": ["customerId", "initialSetupComplete", "name", "slug", "workspaceId"], "type": "object", "properties": {"anonymousDataCollection": {"type": "boolean"}, "customerId": {"$ref": "#/components/schemas/CustomerId"}, "displaySetupWizard": {"type": "boolean"}, "initialSetupComplete": {"type": "boolean"}, "name": {"type": "string"}, "news": {"type": "boolean"}, "securityUpdates": {"type": "boolean"}, "slug": {"type": "string"}, "workspaceId": {"$ref": "#/components/schemas/WorkspaceId"}}}, "WorkspaceUpdate": {"required": ["anonymousDataCollection", "initialSetupComplete", "news", "securityUpdates", "workspaceId"], "type": "object", "properties": {"anonymousDataCollection": {"type": "boolean"}, "displaySetupWizard": {"type": "boolean"}, "email": {"type": "string", "format": "email"}, "initialSetupComplete": {"type": "boolean"}, "news": {"type": "boolean"}, "securityUpdates": {"type": "boolean"}, "workspaceId": {"$ref": "#/components/schemas/WorkspaceId"}}}}, "responses": {"InvalidInput": {"description": "Invalid Input"}}, "securitySchemes": {"bearerAuth": {"type": "http", "scheme": "bearer", "bearerFormat": "JWT"}}}}