{
  "openapi": "3.0.1",
  "info": {
    "title": "Foursquare",
    "description": "default",
    "version": "2.0",
    "x-tags": "tags",
    "x-logo": "x-logo",
    "x-origin": "x-origin"
  },
  "servers": [
    {
      "url": "http://sose-idv.cse.ntou.edu.tw:3002/"
    }
  ],
  "paths": {
    "/personalPage": {
      "get": {
        "description": "Get user's data",
        "parameters": [
          {
            "name": "token",
            "in": "query",
            "schema": {
              "type": "string"
            }
          }
        ],
        "responses": {
          "401": {
            "description": "Auto generated using Swagger Inspector",
            "content": {
              "application/json; charset=utf-8": {
                "schema": {
                  "type": "string"
                },
                "examples": {}
              }
            }
          }
        }
      }
    }
  }
}
